t,ego_x,ego_y,ego_v,ego_theta,ego_a,ego_delta,g1_x,g1_y,g1_vx,g1_vy,g2_x,g2_y,g2_vx,g2_vy,v3_x,v3_y,v3_vx,v3_vy,y_min,y_max,mpc_status,sf_active,c_geom,c_safety
0.00,10.000,2.500,5.000,0.0000,-0.596,-0.0000,55.020,5.200,0.200,0.000,58.010,5.495,0.100,-0.050,-100.000,-100.000,0.000,0.000,0.900,5.100,1,0,20.9000,20.7000
0.10,10.499,2.500,4.970,0.0000,-0.602,0.0043,55.040,5.200,0.200,0.000,58.020,5.490,0.100,-0.050,-100.000,-100.000,0.000,0.000,0.900,5.100,1,0,20.4015,20.2015
0.20,10.993,2.500,4.910,0.0002,-0.304,0.0065,55.060,5.200,0.200,0.000,58.030,5.485,0.100,-0.050,-100.000,-100.000,0.000,0.000,0.900,5.100,1,0,19.9075,19.7075
0.30,11.481,2.500,4.865,0.0008,-0.042,0.0072,55.080,5.200,0.200,0.000,58.040,5.480,0.100,-0.050,-100.000,-100.000,0.000,0.000,0.900,5.100,1,0,19.4187,19.2187
0.40,11.967,2.501,4.848,0.0017,0.116,0.0075,55.100,5.200,0.200,0.000,58.050,5.475,0.100,-0.050,-100.000,-100.000,0.000,0.000,0.900,5.100,1,0,18.9331,18.7331
0.50,12.452,2.502,4.851,0.0028,0.118,0.0069,55.120,5.200,0.200,0.000,58.060,5.470,0.100,-0.050,-100.000,-100.000,0.000,0.000,0.900,5.100,1,0,18.4481,18.2481
0.60,12.938,2.504,4.863,0.0040,0.083,0.0064,55.140,5.200,0.200,0.000,58.070,5.465,0.100,-0.050,-100.000,-100.000,0.000,0.000,0.900,5.100,1,0,17.9624,17.7624
0.70,13.424,2.506,4.873,0.0052,0.014,0.0054,55.160,5.200,0.200,0.000,58.080,5.460,0.100,-0.050,-100.000,-100.000,0.000,0.000,0.900,5.100,1,0,17.4756,17.2756
0.80,13.912,2.509,4.878,0.0063,-0.039,0.0043,55.180,5.200,0.200,0.000,58.090,5.455,0.100,-0.050,-100.000,-100.000,0.000,0.000,0.900,5.100,1,0,16.9880,16.7880
0.90,14.400,2.512,4.877,0.0073,-0.025,0.0039,55.200,5.200,0.200,0.000,58.100,5.450,0.100,-0.050,-100.000,-100.000,0.000,0.000,0.900,5.100,1,0,16.5003,16.3003
1.00,14.887,2.516,4.874,0.0082,-0.022,0.0033,55.220,5.200,0.200,0.000,58.110,5.445,0.100,-0.050,-100.000,-100.000,0.000,0.000,0.900,5.100,1,0,16.0128,15.8128
1.10,15.374,2.520,4.871,0.0090,0.009,0.0036,55.240,5.200,0.200,0.000,58.120,5.440,0.100,-0.050,-100.000,-100.000,0.000,0.000,0.900,5.100,1,0,15.5255,15.3255
1.20,15.862,2.524,4.871,0.0097,0.004,0.0036,55.260,5.200,0.200,0.000,58.130,5.435,0.100,-0.050,-100.000,-100.000,0.000,0.000,0.900,5.100,1,0,15.0385,14.8385
1.30,16.349,2.529,4.871,0.0103,0.019,0.0045,55.280,5.200,0.200,0.000,58.140,5.430,0.100,-0.050,-100.000,-100.000,0.000,0.000,0.900,5.100,1,0,14.5514,14.3514
1.40,16.836,2.534,4.872,0.0111,0.002,0.0049,55.300,5.200,0.200,0.000,58.150,5.425,0.100,-0.050,-100.000,-100.000,0.000,0.000,0.900,5.100,1,0,14.0642,13.8642
1.50,17.323,2.540,4.874,0.0118,0.013,0.0063,55.320,5.200,0.200,0.000,58.160,5.420,0.100,-0.050,-100.000,-100.000,0.000,0.000,0.900,5.100,1,0,13.5769,13.3769
1.60,17.810,2.546,4.874,0.0127,-0.003,0.0067,55.340,5.200,0.200,0.000,58.170,5.415,0.100,-0.050,-100.000,-100.000,0.000,0.000,0.900,5.100,1,0,13.0896,12.8896
1.70,18.298,2.552,4.875,0.0137,-0.023,0.0068,55.360,5.200,0.200,0.000,58.180,5.410,0.100,-0.050,-100.000,-100.000,0.000,0.000,0.900,5.100,1,0,12.6022,12.4022
1.80,18.785,2.559,4.874,0.0149,-0.002,0.0081,55.380,5.200,0.200,0.000,58.190,5.405,0.100,-0.050,-100.000,-100.000,0.000,0.000,0.900,5.100,1,0,12.1148,11.9148
1.90,19.272,2.567,4.872,0.0161,-0.006,0.0084,55.400,5.200,0.200,0.000,58.200,5.400,0.100,-0.050,-100.000,-100.000,0.000,0.000,0.900,5.100,1,0,11.6276,11.4276
2.00,19.760,2.575,4.872,0.0175,-3.000,0.0000,55.420,5.200,0.200,0.000,58.210,5.395,0.100,-0.050,-100.000,-100.000,0.000,0.000,0.900,5.100,1,1,11.1404,10.9404
2.10,20.245,2.584,4.831,0.0185,0.195,0.0103,55.440,5.200,0.200,0.000,58.220,5.390,0.100,-0.050,-100.000,-100.000,0.000,0.000,0.900,5.100,1,0,10.6553,10.4553
2.20,20.726,2.593,4.791,0.0195,0.412,0.0107,55.460,5.200,0.200,0.000,58.230,5.385,0.100,-0.050,-100.000,-100.000,0.000,0.000,0.900,5.100,1,0,10.1743,9.9743
2.30,21.206,2.603,4.811,0.0209,0.384,0.0124,55.480,5.200,0.200,0.000,58.240,5.380,0.100,-0.050,-100.000,-100.000,0.000,0.000,0.900,5.100,1,0,9.6944,9.4944
2.40,21.689,2.613,4.851,0.0227,0.178,0.0124,55.500,5.200,0.200,0.000,58.250,5.375,0.100,-0.050,-100.000,-100.000,0.000,0.000,0.900,5.100,1,0,9.2114,9.0114
2.50,22.175,2.625,4.879,0.0246,0.021,0.0149,55.520,5.200,0.200,0.000,58.260,5.370,0.100,-0.050,-100.000,-100.000,0.000,0.000,0.900,5.100,1,0,8.7251,8.5251
2.60,22.663,2.637,4.889,0.0269,-0.074,0.0153,55.540,5.200,0.200,0.000,58.270,5.365,0.100,-0.050,-100.000,-100.000,0.000,0.000,0.900,5.100,1,0,8.2368,8.0368
2.70,23.152,2.651,4.886,0.0293,-0.063,0.0164,55.560,5.200,0.200,0.000,58.280,5.360,0.100,-0.050,-100.000,-100.000,0.000,0.000,0.900,5.100,1,0,7.7483,7.5483
2.80,23.640,2.666,4.879,0.0320,-0.043,0.0153,55.580,5.200,0.200,0.000,58.290,5.355,0.100,-0.050,-100.000,-100.000,0.000,0.000,0.900,5.100,1,0,7.2603,7.0603
2.90,24.127,2.682,4.874,0.0348,-0.028,0.0127,55.600,5.200,0.200,0.000,58.300,5.350,0.100,-0.050,-100.000,-100.000,0.000,0.000,0.900,5.100,1,0,6.7729,6.5729
3.00,24.614,2.700,4.870,0.0374,0.011,0.0105,55.620,5.200,0.200,0.000,58.310,5.345,0.100,-0.050,-100.000,-100.000,0.000,0.000,0.900,5.100,1,0,6.2860,6.0860
3.10,25.101,2.719,4.869,0.0398,0.009,0.0063,55.640,5.200,0.200,0.000,58.320,5.340,0.100,-0.050,-100.000,-100.000,0.000,0.000,0.900,5.100,1,0,5.7994,5.5994
3.20,25.587,2.739,4.870,0.0417,0.023,0.0021,55.660,5.200,0.200,0.000,58.330,5.335,0.100,-0.050,-100.000,-100.000,0.000,0.000,0.900,5.100,1,0,5.3129,5.1129
3.30,26.074,2.759,4.872,0.0431,0.004,-0.0027,55.680,5.200,0.200,0.000,58.340,5.330,0.100,-0.050,-100.000,-100.000,0.000,0.000,0.900,5.100,1,0,4.8265,4.6265
3.40,26.561,2.780,4.873,0.0438,0.013,-0.0039,55.700,5.200,0.200,0.000,58.350,5.325,0.100,-0.050,-100.000,-100.000,0.000,0.000,0.900,5.100,1,0,4.3400,4.1400
3.50,27.048,2.802,4.874,0.0438,-0.004,-0.0055,55.720,5.200,0.200,0.000,58.360,5.320,0.100,-0.050,-100.000,-100.000,0.000,0.000,0.900,5.100,1,0,3.8537,3.6537
3.60,27.535,2.823,4.875,0.0435,0.010,-0.0049,55.740,5.200,0.200,0.000,58.370,5.315,0.100,-0.050,-100.000,-100.000,0.000,0.000,0.900,5.100,1,0,3.3676,3.1676
3.70,28.022,2.844,4.875,0.0428,-0.003,-0.0053,55.760,5.200,0.200,0.000,58.380,5.310,0.100,-0.050,-100.000,-100.000,0.000,0.000,0.900,5.100,1,0,2.8819,2.6819
3.80,28.509,2.865,4.875,0.0420,-0.022,-0.0061,55.780,5.200,0.200,0.000,58.390,5.305,0.100,-0.050,-100.000,-100.000,0.000,0.000,0.900,5.100,1,0,2.3969,2.1969
3.90,28.996,2.885,4.874,0.0411,-0.001,-0.0052,55.800,5.200,0.200,0.000,58.400,5.300,0.100,-0.050,-100.000,-100.000,0.000,0.000,0.900,5.100,1,0,1.9132,1.7132
4.00,29.483,2.905,4.873,0.0402,-0.006,-0.0057,55.820,5.200,0.200,0.000,58.410,5.295,0.100,-0.050,-100.000,-100.000,0.000,0.000,0.900,5.100,1,0,1.4320,1.2320
4.10,29.970,2.924,4.872,0.0392,0.014,-0.0053,55.840,5.200,0.200,0.000,58.420,5.290,0.100,-0.050,-100.000,-100.000,0.000,0.000,0.900,5.100,1,0,0.9570,0.7570
4.20,30.457,2.943,4.873,0.0382,0.001,-0.0063,55.860,5.200,0.200,0.000,58.430,5.285,0.100,-0.050,-100.000,-100.000,0.000,0.000,2.700,5.100,1,0,0.5057,0.3057
4.30,30.943,2.961,4.874,0.0372,0.014,-0.0070,55.880,5.200,0.200,0.000,58.440,5.280,0.100,-0.050,-100.000,-100.000,0.000,0.000,2.700,5.100,1,0,0.2613,0.0613
4.40,31.431,2.979,4.874,0.0361,-0.002,-0.0087,55.900,5.200,0.200,0.000,58.450,5.275,0.100,-0.050,-100.000,-100.000,0.000,0.000,2.700,5.100,1,0,0.2791,0.0791
4.50,31.918,2.996,4.875,0.0348,-0.023,-0.0108,55.920,5.200,0.200,0.000,58.460,5.270,0.100,-0.050,-100.000,-100.000,0.000,0.000,2.700,5.100,1,0,0.2964,0.0964
4.60,32.405,3.013,4.874,0.0333,-0.003,-0.0125,55.940,5.200,0.200,0.000,58.470,5.265,0.100,-0.050,-100.000,-100.000,0.000,0.000,2.700,5.100,1,0,0.3130,0.1130
4.70,32.892,3.029,4.872,0.0315,-0.007,-0.0143,55.960,5.200,0.200,0.000,58.480,5.260,0.100,-0.050,-100.000,-100.000,0.000,0.000,2.700,5.100,1,0,0.3288,0.1288
4.80,33.379,3.044,4.872,0.0294,0.013,-0.0159,55.980,5.200,0.200,0.000,58.490,5.255,0.100,-0.050,-100.000,-100.000,0.000,0.000,2.700,5.100,1,0,0.3437,0.1437
4.90,33.866,3.057,4.872,0.0270,0.001,-0.0171,56.000,5.200,0.200,0.000,58.500,5.250,0.100,-0.050,-100.000,-100.000,0.000,0.000,2.700,5.100,1,0,0.3574,0.1574
5.00,34.353,3.070,4.873,0.0244,0.014,-0.0177,56.020,5.200,0.200,0.000,58.510,5.245,0.100,-0.050,-100.000,-100.000,0.000,0.000,2.700,5.100,1,0,0.3699,0.1699
5.10,34.840,3.081,4.874,0.0215,-0.001,-0.0175,56.040,5.200,0.200,0.000,58.520,5.240,0.100,-0.050,-100.000,-100.000,0.000,0.000,2.700,5.100,1,0,0.3811,0.1811
5.20,35.328,3.091,4.874,0.0184,-0.022,-0.0165,56.060,5.200,0.200,0.000,58.530,5.235,0.100,-0.050,-100.000,-100.000,0.000,0.000,2.700,5.100,1,0,0.3908,0.1908
5.30,35.815,3.099,4.873,0.0154,-0.002,-0.0149,56.080,5.200,0.200,0.000,58.540,5.230,0.100,-0.050,-100.000,-100.000,0.000,0.000,2.700,5.100,1,0,0.3991,0.1991
5.40,36.302,3.106,4.872,0.0124,-0.007,-0.0128,56.100,5.200,0.200,0.000,58.550,5.225,0.100,-0.050,-100.000,-100.000,0.000,0.000,2.700,5.100,1,0,0.4058,0.2058
5.50,36.789,3.111,4.871,0.0097,0.013,-0.0105,56.120,5.200,0.200,0.000,58.560,5.220,0.100,-0.050,-100.000,-100.000,0.000,0.000,2.700,5.100,1,0,0.4112,0.2112
5.60,37.276,3.115,4.872,0.0073,0.002,-0.0081,56.140,5.200,0.200,0.000,58.570,5.215,0.100,-0.050,-100.000,-100.000,0.000,0.000,2.700,5.100,1,0,0.4154,0.2154
5.70,37.764,3.118,4.873,0.0052,0.015,-0.0063,56.160,5.200,0.200,0.000,58.580,5.210,0.100,-0.050,-100.000,-100.000,0.000,0.000,2.700,5.100,1,0,0.4184,0.2184
5.80,38.251,3.121,4.873,0.0035,-0.002,-0.1684,56.180,5.200,0.200,0.000,58.590,5.205,0.100,-0.050,-100.000,-100.000,0.000,0.000,2.700,5.100,1,0,0.4205,0.2205
5.90,38.738,3.121,4.874,-0.0002,0.006,-0.2216,56.200,5.200,0.200,0.000,58.600,5.200,0.100,-0.050,-100.000,-100.000,0.000,0.000,2.700,5.100,1,0,0.4213,0.2213
6.00,39.226,3.119,4.874,-0.0083,0.035,-0.2323,56.220,5.200,0.200,0.000,58.610,5.195,0.100,-0.050,-100.000,-100.000,0.000,0.000,2.700,5.100,1,0,0.4377,0.2377
6.10,39.713,3.112,4.876,-0.0208,0.021,-0.2209,56.240,5.200,0.200,0.000,58.620,5.190,0.100,-0.050,-100.000,-100.000,0.000,0.000,0.900,5.100,1,0,0.7388,0.5388
6.20,40.201,3.098,4.879,-0.0378,0.025,-0.1938,56.260,5.200,0.200,0.000,58.630,5.185,0.100,-0.050,-100.000,-100.000,0.000,0.000,0.400,5.600,1,0,1.1704,0.9704
6.30,40.688,3.074,4.881,-0.0592,-0.001,-0.1534,56.280,5.200,0.200,0.000,58.640,5.180,0.100,-0.050,-100.000,-100.000,0.000,0.000,0.400,5.600,1,0,1.6316,1.4316
6.40,41.175,3.039,4.882,-0.0838,0.003,-0.1011,56.300,5.200,0.200,0.000,58.650,5.175,0.100,-0.050,-100.000,-100.000,0.000,0.000,0.400,5.600,1,0,2.1026,1.9026
6.50,41.661,2.993,4.883,-0.1078,-0.018,-0.0429,56.320,5.200,0.200,0.000,58.660,5.170,0.100,-0.050,-100.000,-100.000,0.000,0.000,0.400,5.600,1,0,2.5777,2.3777
6.60,42.146,2.935,4.882,-0.1277,-0.042,0.0151,56.340,5.200,0.200,0.000,58.670,5.165,0.100,-0.050,-100.000,-100.000,0.000,0.000,0.400,5.600,1,0,3.0549,2.8549
6.70,42.629,2.869,4.879,-0.1431,-0.022,0.0702,56.360,5.200,0.200,0.000,58.680,5.160,0.100,-0.050,-100.000,-100.000,0.000,0.000,0.400,5.600,1,0,3.5335,3.3335
6.80,43.112,2.797,4.876,-0.1542,-0.025,0.1203,56.380,5.200,0.200,0.000,58.690,5.155,0.100,-0.050,-100.000,-100.000,0.000,0.000,0.400,5.600,1,0,4.0129,3.8129
6.90,43.593,2.721,4.873,-0.1608,-0.002,0.1653,56.400,5.200,0.200,0.000,58.700,5.150,0.100,-0.050,-100.000,-100.000,0.000,0.000,0.400,5.600,1,0,4.4932,4.2932
7.00,44.074,2.642,4.872,-0.1630,-0.010,0.2039,56.420,5.200,0.200,0.000,58.710,5.145,0.100,-0.050,-100.000,-100.000,0.000,0.000,0.400,5.600,1,0,4.9741,4.7741
7.10,44.555,2.564,4.871,-0.1609,-0.026,0.2356,56.440,5.200,0.200,0.000,58.720,5.140,0.100,-0.050,-100.000,-100.000,0.000,0.000,0.400,5.600,1,0,5.4549,5.2549
7.20,45.036,2.487,4.870,-0.1543,-0.002,0.2602,56.460,5.200,0.200,0.000,58.730,5.135,0.100,-0.050,-100.000,-100.000,0.000,0.000,0.400,5.600,1,0,5.9359,5.7359
7.30,45.517,2.415,4.868,-0.1434,-0.002,0.2760,56.480,5.200,0.200,0.000,58.740,5.130,0.100,-0.050,-100.000,-100.000,0.000,0.000,0.400,5.600,1,0,6.4174,6.2174
7.40,46.000,2.349,4.868,-0.1280,0.022,0.2825,56.500,5.200,0.200,0.000,58.750,5.125,0.100,-0.050,-100.000,-100.000,0.000,0.000,0.400,5.600,1,0,6.8997,6.6997
7.50,46.483,2.292,4.869,-0.1082,0.014,0.2781,56.520,5.200,0.200,0.000,58.760,5.120,0.100,-0.050,-100.000,-100.000,0.000,0.000,0.400,5.600,1,0,7.3832,7.1832
7.60,46.968,2.245,4.871,-0.0840,0.029,0.2619,56.540,5.200,0.200,0.000,58.770,5.115,0.100,-0.050,-100.000,-100.000,0.000,0.000,0.400,5.600,1,0,6.9667,6.7667
7.70,47.454,2.211,4.873,-0.0552,0.013,0.2325,56.560,5.200,0.200,0.000,58.780,5.110,0.100,-0.050,-100.000,-100.000,0.000,0.000,0.400,5.600,1,0,6.5278,6.3278
7.80,47.941,2.192,4.875,-0.0219,-0.011,0.1890,56.580,5.200,0.200,0.000,58.790,5.105,0.100,-0.050,-100.000,-100.000,0.000,0.000,0.400,5.600,1,0,6.0874,5.8874
7.90,48.428,2.190,4.875,0.0134,0.003,0.1334,56.600,5.200,0.200,0.000,58.800,5.100,0.100,-0.050,-100.000,-100.000,0.000,0.000,0.400,5.600,1,0,5.6454,5.4454
8.00,48.916,2.205,4.875,0.0462,-0.009,0.0723,56.620,5.200,0.200,0.000,58.810,5.095,0.100,-0.050,-100.000,-100.000,0.000,0.000,0.400,5.600,1,0,5.2020,5.0020
8.10,49.402,2.234,4.874,0.0744,0.005,0.0106,56.640,5.200,0.200,0.000,58.820,5.090,0.100,-0.050,-100.000,-100.000,0.000,0.000,0.400,5.600,1,0,4.7582,4.5582
8.20,49.888,2.276,4.874,0.0982,-0.011,-0.0486,56.660,5.200,0.200,0.000,58.830,5.085,0.100,-0.050,-100.000,-100.000,0.000,0.000,0.400,5.600,1,0,4.3149,4.1149
8.30,50.372,2.329,4.874,0.1175,0.001,-0.1047,56.680,5.200,0.200,0.000,58.840,5.080,0.100,-0.050,-100.000,-100.000,0.000,0.000,0.400,5.600,1,0,3.8735,3.6735
8.40,50.856,2.389,4.873,0.1324,-0.013,-0.1565,56.700,5.200,0.200,0.000,58.850,5.075,0.100,-0.050,-100.000,-100.000,0.000,0.000,0.400,5.600,1,0,3.4358,3.2358
8.50,51.339,2.456,4.873,0.1429,-0.032,-0.2037,56.720,5.200,0.200,0.000,58.860,5.070,0.100,-0.050,-100.000,-100.000,0.000,0.000,0.400,5.600,1,0,3.0046,2.8046
8.60,51.821,2.527,4.871,0.1490,-0.009,-0.2462,56.740,5.200,0.200,0.000,58.870,5.065,0.100,-0.050,-100.000,-100.000,0.000,0.000,0.400,5.600,1,0,2.5841,2.3841
8.70,52.302,2.600,4.868,0.1507,-0.009,-0.2827,56.760,5.200,0.200,0.000,58.880,5.060,0.100,-0.050,-100.000,-100.000,0.000,0.000,0.400,5.600,1,0,2.1820,1.9820
8.80,52.784,2.672,4.868,0.1480,0.017,-0.3128,56.780,5.200,0.200,0.000,58.890,5.055,0.100,-0.050,-100.000,-100.000,0.000,0.000,0.400,5.600,1,0,1.8116,1.6116
8.90,53.265,2.742,4.868,0.1409,0.010,-0.3351,56.800,5.200,0.200,0.000,58.900,5.050,0.100,-0.050,-100.000,-100.000,0.000,0.000,0.400,5.600,1,0,1.4983,1.2983
9.00,53.748,2.808,4.869,0.1294,-0.005,-0.3486,56.820,5.200,0.200,0.000,58.910,5.045,0.100,-0.050,-100.000,-100.000,0.000,0.000,0.400,3.375,1,0,1.2864,1.0864
9.10,54.231,2.867,4.870,0.1135,0.018,-0.3526,56.840,5.200,0.200,0.000,58.920,5.040,0.100,-0.050,-100.000,-100.000,0.000,0.000,0.400,3.375,1,0,1.2081,1.0081
9.20,54.716,2.917,4.870,0.0931,0.014,-0.3452,56.860,5.200,0.200,0.000,58.930,5.035,0.100,-0.050,-100.000,-100.000,0.000,0.000,0.400,3.375,1,0,1.1579,0.9579
9.30,55.201,2.956,4.872,0.0683,0.034,-0.3254,56.880,5.200,0.200,0.000,58.940,5.030,0.100,-0.050,-100.000,-100.000,0.000,0.000,0.400,3.375,1,0,1.1186,0.9186
9.40,55.688,2.983,4.874,0.0390,0.020,-0.2917,56.900,5.200,0.200,0.000,58.950,5.025,0.100,-0.050,-100.000,-100.000,0.000,0.000,0.400,3.225,1,0,1.0498,0.8498
9.50,56.175,2.993,4.877,0.0052,0.028,-0.2430,56.920,5.200,0.200,0.000,58.960,5.020,0.100,-0.050,-100.000,-100.000,0.000,0.000,0.400,3.220,1,0,0.9267,0.7267
9.60,56.663,2.986,4.879,-0.0331,0.004,-0.1791,56.940,5.200,0.200,0.000,58.970,5.015,0.100,-0.050,-100.000,-100.000,0.000,0.000,0.400,3.215,1,0,0.9285,0.7285
9.70,57.150,2.961,4.881,-0.0716,-0.027,-0.1045,56.960,5.200,0.200,0.000,58.980,5.010,0.100,-0.050,-100.000,-100.000,0.000,0.000,0.400,3.210,1,0,0.9491,0.7491
9.80,57.636,2.918,4.880,-0.1059,-0.018,-0.0266,56.980,5.200,0.200,0.000,58.990,5.005,0.100,-0.050,-100.000,-100.000,0.000,0.000,0.400,3.205,1,0,0.9873,0.7873
9.90,58.121,2.859,4.878,-0.1357,-0.029,0.0499,57.000,5.200,0.200,0.000,59.000,5.000,0.100,-0.050,-100.000,-100.000,0.000,0.000,0.400,3.200,1,0,1.0411,0.8411
10.00,58.603,2.787,4.875,-0.1610,-0.011,0.1241,57.020,5.200,0.200,0.000,59.010,4.995,0.100,-0.050,-100.000,-100.000,0.000,0.000,0.400,3.195,1,0,1.1082,0.9082
10.10,59.083,2.704,4.873,-0.1818,-0.023,0.1946,57.040,5.200,0.200,0.000,59.020,4.990,0.100,-0.050,-100.000,-100.000,0.000,0.000,0.400,3.190,1,0,1.1863,0.9863
10.20,59.562,2.612,4.872,-0.1981,-0.041,0.2614,57.060,5.200,0.200,0.000,59.030,4.985,0.100,-0.050,-100.000,-100.000,0.000,0.000,0.400,3.185,1,0,1.2733,1.0733
10.30,60.039,2.513,4.868,-0.2101,-0.019,0.3253,57.080,5.200,0.200,0.000,59.040,4.980,0.100,-0.050,-100.000,-100.000,0.000,0.000,0.400,3.180,1,0,1.3670,1.1670
10.40,60.514,2.410,4.865,-0.2176,-0.018,0.3848,57.100,5.200,0.200,0.000,59.050,4.975,0.100,-0.050,-100.000,-100.000,0.000,0.000,0.400,3.175,1,0,1.4653,1.2653
10.50,60.989,2.304,4.864,-0.2207,0.009,0.4404,57.120,5.200,0.200,0.000,59.060,4.970,0.100,-0.050,-100.000,-100.000,0.000,0.000,0.400,3.170,1,0,1.5660,1.3660
10.60,61.464,2.198,4.863,-0.2195,0.007,0.4906,57.140,5.200,0.200,0.000,59.070,4.965,0.100,-0.050,-100.000,-100.000,0.000,0.000,0.400,3.165,1,0,1.6672,1.4672
10.70,61.939,2.093,4.864,-0.2139,-0.004,0.5348,57.160,5.200,0.200,0.000,59.080,4.960,0.100,-0.050,-100.000,-100.000,0.000,0.000,0.400,3.160,1,0,1.7678,1.5678
10.80,62.414,1.992,4.864,-0.2039,0.025,0.5726,57.180,5.200,0.200,0.000,59.090,4.955,0.100,-0.050,-100.000,-100.000,0.000,0.000,0.400,5.600,1,0,1.9350,1.7350
10.90,62.891,1.897,4.865,-0.1894,0.028,0.6019,57.200,5.200,0.200,0.000,59.100,4.950,0.100,-0.050,-100.000,-100.000,0.000,0.000,0.400,5.600,1,0,2.1900,1.9900
11.00,63.370,1.810,4.868,-0.1706,0.025,0.6109,57.220,5.200,0.200,0.000,59.110,4.945,0.100,-0.050,-100.000,-100.000,0.000,0.000,0.400,5.600,1,0,2.5045,2.3045
11.10,63.851,1.733,4.870,-0.1473,0.051,0.6109,57.240,5.200,0.200,0.000,59.120,4.940,0.100,-0.050,-100.000,-100.000,0.000,0.000,0.400,5.600,1,0,2.8579,2.6579
11.20,64.334,1.668,4.874,-0.1195,0.010,0.6077,57.260,5.200,0.200,0.000,59.130,4.935,0.100,-0.050,-100.000,-100.000,0.000,0.000,0.400,5.600,1,0,3.2362,3.0362
11.30,64.819,1.618,4.877,-0.0871,-0.003,0.5767,57.280,5.200,0.200,0.000,59.140,4.930,0.100,-0.050,-100.000,-100.000,0.000,0.000,0.400,5.600,1,0,3.6305,3.4305
11.40,65.305,1.585,4.878,-0.0502,0.001,0.5248,57.300,5.200,0.200,0.000,59.150,4.925,0.100,-0.050,-100.000,-100.000,0.000,0.000,0.400,5.600,1,0,4.0346,3.8346
11.50,65.793,1.570,4.877,-0.0087,0.044,0.4492,57.320,5.200,0.200,0.000,59.160,4.920,0.100,-0.050,-100.000,-100.000,0.000,0.000,0.400,5.600,1,0,4.4444,4.2444
11.60,66.281,1.577,4.880,0.0375,0.046,0.3495,57.340,5.200,0.200,0.000,59.170,4.915,0.100,-0.050,-100.000,-100.000,0.000,0.000,0.400,5.600,1,0,4.8570,4.6570
11.70,66.768,1.608,4.884,0.0884,0.021,0.2291,57.360,5.200,0.200,0.000,59.180,4.910,0.100,-0.050,-100.000,-100.000,0.000,0.000,0.400,5.600,1,0,5.2701,5.0701
11.80,67.253,1.663,4.888,0.1394,0.028,0.1468,57.380,5.200,0.200,0.000,59.190,4.905,0.100,-0.050,-100.000,-100.000,0.000,0.000,0.400,5.600,1,0,5.6824,5.4824
11.90,67.736,1.743,4.890,0.1856,-0.019,0.0418,57.400,5.200,0.200,0.000,59.200,4.900,0.100,-0.050,-100.000,-100.000,0.000,0.000,0.400,5.600,1,0,6.0937,5.8937
12.00,68.215,1.843,4.890,0.2272,-0.039,-0.0707,57.420,5.200,0.200,0.000,59.210,4.895,0.100,-0.050,-100.000,-100.000,0.000,0.000,0.400,5.600,1,0,6.5044,6.3044
12.10,68.689,1.962,4.888,0.2642,-0.073,-0.1825,57.440,5.200,0.200,0.000,59.220,4.890,0.100,-0.050,-100.000,-100.000,0.000,0.000,0.400,5.600,1,0,6.9148,6.7148
12.20,69.158,2.097,4.882,0.2966,-0.099,-0.2923,57.460,5.200,0.200,0.000,59.230,4.885,0.100,-0.050,-100.000,-100.000,0.000,0.000,0.400,5.600,1,0,7.3253,7.1253
12.30,69.623,2.246,4.873,0.3245,-0.075,-0.4021,57.480,5.200,0.200,0.000,59.240,4.880,0.100,-0.050,-100.000,-100.000,0.000,0.000,0.400,5.600,1,0,7.7362,7.5362
12.40,70.082,2.407,4.865,0.3478,-0.071,-0.5113,57.500,5.200,0.200,0.000,59.250,4.875,0.100,-0.050,-100.000,-100.000,0.000,0.000,0.400,5.600,1,0,8.1479,7.9479
12.50,70.538,2.577,4.857,0.3666,-0.071,-0.6109,57.520,5.200,0.200,0.000,59.260,4.870,0.100,-0.050,-100.000,-100.000,0.000,0.000,0.400,5.600,1,0,8.5612,8.3612
12.60,70.989,2.754,4.850,0.3810,-0.011,-0.6109,57.540,5.200,0.200,0.000,59.270,4.865,0.100,-0.050,-100.000,-100.000,0.000,0.000,0.400,5.600,1,0,8.9766,8.7766
12.70,71.439,2.936,4.846,0.3910,-0.034,-0.6109,57.560,5.200,0.200,0.000,59.280,4.860,0.100,-0.050,-100.000,-100.000,0.000,0.000,0.400,5.600,1,0,9.3948,9.1948
12.80,71.886,3.122,4.844,0.3966,-0.064,-0.6109,57.580,5.200,0.200,0.000,59.290,4.855,0.100,-0.050,-100.000,-100.000,0.000,0.000,0.400,5.600,1,0,9.8164,9.6164
12.90,72.332,3.310,4.839,0.3978,-0.084,-0.6109,57.600,5.200,0.200,0.000,59.300,4.850,0.100,-0.050,-100.000,-100.000,0.000,0.000,0.400,5.600,1,0,10.2419,10.0419
13.00,72.778,3.496,4.831,0.3947,-0.091,-0.6109,57.620,5.200,0.200,0.000,59.310,4.845,0.100,-0.050,-100.000,-100.000,0.000,0.000,0.400,5.600,1,0,10.6714,10.4714
13.10,73.225,3.680,4.823,0.3872,-0.043,-0.6109,57.640,5.200,0.200,0.000,59.320,4.840,0.100,-0.050,-100.000,-100.000,0.000,0.000,0.400,5.600,1,0,11.1049,10.9049
13.20,73.672,3.859,4.816,0.3754,-0.001,-0.6109,57.660,5.200,0.200,0.000,59.330,4.835,0.100,-0.050,-100.000,-100.000,0.000,0.000,0.400,5.600,1,0,11.5421,11.3421
13.30,74.121,4.032,4.814,0.3593,-0.036,-0.6109,57.680,5.200,0.200,0.000,59.340,4.830,0.100,-0.050,-100.000,-100.000,0.000,0.000,0.400,5.600,1,0,11.9814,11.7814
13.40,74.574,4.197,4.812,0.3387,-0.033,-0.6109,57.700,5.200,0.200,0.000,59.350,4.825,0.100,-0.050,-100.000,-100.000,0.000,0.000,0.400,5.600,1,0,12.4237,12.2237
13.50,75.029,4.351,4.808,0.3138,0.039,-0.6109,57.720,5.200,0.200,0.000,59.360,4.820,0.100,-0.050,-100.000,-100.000,0.000,0.000,0.400,5.600,1,0,12.8693,12.6693
13.60,75.489,4.493,4.809,0.2844,0.044,-0.6109,57.740,5.200,0.200,0.000,59.370,4.815,0.100,-0.050,-100.000,-100.000,0.000,0.000,0.400,5.600,1,0,13.3189,13.1189
13.70,75.953,4.620,4.813,0.2506,0.074,-0.6109,57.760,5.200,0.200,0.000,59.380,4.810,0.100,-0.050,-100.000,-100.000,0.000,0.000,0.400,5.600,1,0,13.7728,13.5728
13.80,76.422,4.730,4.819,0.2122,0.155,-0.6109,57.780,5.200,0.200,0.000,59.390,4.805,0.100,-0.050,-100.000,-100.000,0.000,0.000,0.400,5.600,1,0,14.2316,14.0316
13.90,76.895,4.822,4.830,0.1691,-0.013,-0.6109,57.800,5.200,0.200,0.000,59.400,4.800,0.100,-0.050,-100.000,-100.000,0.000,0.000,0.400,5.600,1,0,14.6953,14.4953
14.00,77.374,4.892,4.837,0.1214,-0.251,-0.6109,57.820,5.200,0.200,0.000,59.410,4.795,0.100,-0.050,-100.000,-100.000,0.000,0.000,0.400,5.600,1,0,15.1636,14.9636
14.10,77.854,4.938,4.824,0.0689,-0.112,-0.6109,57.840,5.200,0.200,0.000,59.420,4.790,0.100,-0.050,-100.000,-100.000,0.000,0.000,0.400,5.600,1,0,15.6345,15.4345
14.20,78.336,4.957,4.806,0.0119,0.177,-0.6109,57.860,5.200,0.200,0.000,59.430,4.785,0.100,-0.050,-100.000,-100.000,0.000,0.000,0.400,5.600,1,0,16.1056,15.9056
14.30,78.816,4.948,4.809,-0.0498,0.543,-0.5095,57.880,5.200,0.200,0.000,59.440,4.780,0.100,-0.050,-100.000,-100.000,0.000,0.000,0.400,5.600,1,0,16.5763,16.3763
14.40,79.297,4.908,4.845,-0.1167,0.796,-0.2961,57.900,5.200,0.200,0.000,59.450,4.775,0.100,-0.050,-100.000,-100.000,0.000,0.000,0.400,5.600,1,0,17.0473,16.8473
14.50,79.780,4.835,4.912,-0.1843,0.634,-0.2363,57.920,5.200,0.200,0.000,59.460,4.770,0.100,-0.050,-100.000,-100.000,0.000,0.000,0.400,5.600,1,0,17.5197,17.3197
14.60,80.263,4.729,4.984,-0.2478,0.397,-0.0199,57.940,5.200,0.200,0.000,59.470,4.765,0.100,-0.050,-100.000,-100.000,0.000,0.000,0.900,5.100,1,0,17.9929,17.7929
14.70,80.745,4.591,5.035,-0.3071,0.130,0.3062,57.960,5.200,0.200,0.000,59.480,4.760,0.100,-0.050,-100.000,-100.000,0.000,0.000,0.900,5.100,1,0,18.4647,18.2647
14.80,81.222,4.426,5.062,-0.3619,-0.186,0.5615,57.980,5.200,0.200,0.000,59.490,4.755,0.100,-0.050,-100.000,-100.000,0.000,0.000,0.900,5.100,1,0,18.9316,18.7316
14.90,81.690,4.235,5.059,-0.4119,-0.442,0.5691,58.000,5.200,0.200,0.000,59.500,4.750,0.100,-0.050,-100.000,-100.000,0.000,0.000,0.900,5.100,1,0,19.3902,19.1902
15.00,82.148,4.023,5.027,-0.4569,-0.428,0.6109,58.020,5.200,0.200,0.000,59.510,4.745,0.100,-0.050,-100.000,-100.000,0.000,0.000,0.900,5.100,1,0,19.8376,19.6376
15.10,82.592,3.793,4.984,-0.4968,-0.304,0.6109,58.040,5.200,0.200,0.000,59.520,4.740,0.100,-0.050,-100.000,-100.000,0.000,0.000,0.900,5.100,1,0,20.2723,20.0723
15.20,83.025,3.549,4.947,-0.5318,-0.199,0.6109,58.060,5.200,0.200,0.000,59.530,4.735,0.100,-0.050,-100.000,-100.000,0.000,0.000,0.900,5.100,1,0,20.6948,20.4948
15.30,83.446,3.292,4.922,-0.5619,-0.221,0.6109,58.080,5.200,0.200,0.000,59.540,4.730,0.100,-0.050,-100.000,-100.000,0.000,0.000,0.900,5.100,1,0,21.1089,20.9089
15.40,83.858,3.025,4.901,-0.5874,-0.299,0.6109,58.100,5.200,0.200,0.000,59.550,4.725,0.100,-0.050,-100.000,-100.000,0.000,0.000,0.900,5.100,1,0,21.5168,21.3168
15.50,84.262,2.750,4.875,-0.6082,-0.353,0.6109,58.120,5.200,0.200,0.000,59.560,4.720,0.100,-0.050,-100.000,-100.000,0.000,0.000,0.900,5.100,1,0,21.9198,21.7198
15.60,84.659,2.469,4.842,-0.6245,-0.352,0.6109,58.140,5.200,0.200,0.000,59.570,4.715,0.100,-0.050,-100.000,-100.000,0.000,0.000,0.900,5.100,1,0,22.3184,22.1184
15.70,85.049,2.185,4.807,-0.6364,-0.301,0.6109,58.160,5.200,0.200,0.000,59.580,4.710,0.100,-0.050,-100.000,-100.000,0.000,0.000,0.900,5.100,1,0,22.7134,22.5134
15.80,85.433,1.898,4.774,-0.6438,-0.200,0.1500,58.180,5.200,0.200,0.000,59.590,4.705,0.100,-0.050,-100.000,-100.000,0.000,0.000,0.900,5.100,1,1,23.1060,22.9060
15.90,85.813,1.612,4.749,-0.6468,-0.200,0.1500,58.200,5.200,0.200,0.000,59.600,4.700,0.100,-0.050,-100.000,-100.000,0.000,0.000,0.900,5.100,1,1,23.4976,23.2976
16.00,86.192,1.327,4.729,-0.6456,-3.000,0.1500,58.220,5.200,0.200,0.000,59.610,4.695,0.100,-0.050,-100.000,-100.000,0.000,0.000,0.900,5.100,0,1,23.8897,23.6897
16.10,86.568,1.045,4.669,-0.6402,-3.000,0.1500,58.240,5.200,0.200,0.000,59.620,4.690,0.100,-0.050,-100.000,-100.000,0.000,0.000,0.900,5.100,0,1,24.2816,24.0816
16.20,86.938,0.772,4.529,-0.6307,-3.000,0.1500,58.260,5.200,0.200,0.000,59.630,4.685,0.100,-0.050,-100.000,-100.000,0.000,0.000,0.900,5.100,0,1,24.6689,24.4689
16.30,87.297,0.514,4.309,-0.6176,-3.000,0.1500,58.280,5.200,0.200,0.000,59.640,4.680,0.100,-0.050,-100.000,-100.000,0.000,0.000,0.900,5.100,0,1,25.0450,24.8450
16.40,87.638,0.275,4.029,-0.6015,-3.000,0.1500,58.300,5.200,0.200,0.000,59.650,4.675,0.100,-0.050,-100.000,-100.000,0.000,0.000,0.900,5.100,0,1,25.4037,25.2037
16.50,87.960,0.058,3.729,-0.5835,-3.000,0.1500,58.320,5.200,0.200,0.000,59.660,4.670,0.100,-0.050,-100.000,-100.000,0.000,0.000,0.900,5.100,0,1,25.7410,25.5410
16.60,88.261,-0.136,3.429,-0.5652,-3.000,0.1500,58.340,5.200,0.200,0.000,59.670,4.665,0.100,-0.050,-100.000,-100.000,0.000,0.000,0.900,5.100,0,1,26.0550,25.8550
16.70,88.539,-0.309,3.129,-0.5477,-3.000,0.1500,58.360,5.200,0.200,0.000,59.680,4.660,0.100,-0.050,-100.000,-100.000,0.000,0.000,0.900,5.100,0,1,26.3450,26.1450
16.80,88.795,-0.462,2.829,-0.5314,-3.000,0.1500,58.380,5.200,0.200,0.000,59.690,4.655,0.100,-0.050,-100.000,-100.000,0.000,0.000,0.900,5.100,0,1,26.6099,26.4099
16.90,89.027,-0.596,2.529,-0.5166,-3.000,0.1500,58.400,5.200,0.200,0.000,59.700,4.650,0.100,-0.050,-100.000,-100.000,0.000,0.000,0.900,5.100,0,1,26.8490,26.6490
17.00,89.235,-0.713,2.229,-0.5033,-3.000,0.1500,58.420,5.200,0.200,0.000,59.710,4.645,0.100,-0.050,-100.000,-100.000,0.000,0.000,0.900,5.100,0,1,27.0616,26.8616
17.10,89.417,-0.812,1.929,-0.4917,-3.000,0.1500,58.440,5.200,0.200,0.000,59.720,4.640,0.100,-0.050,-100.000,-100.000,0.000,0.000,0.900,5.100,0,1,27.2471,27.0471
17.20,89.575,-0.895,1.629,-0.4818,-3.000,0.1500,58.460,5.200,0.200,0.000,59.730,4.635,0.100,-0.050,-100.000,-100.000,0.000,0.000,0.900,5.100,0,1,27.4050,27.2050
17.30,89.706,-0.963,1.329,-0.4735,-3.000,0.1500,58.480,5.200,0.200,0.000,59.740,4.630,0.100,-0.050,-100.000,-100.000,0.000,0.000,0.900,5.100,0,1,27.5350,27.3350
17.40,89.811,-1.017,1.029,-0.4669,-3.000,0.1500,58.500,5.200,0.200,0.000,59.750,4.625,0.100,-0.050,-100.000,-100.000,0.000,0.000,0.900,5.100,0,1,27.6368,27.4368
17.50,89.890,-1.056,0.729,-0.4620,-3.000,0.1500,58.520,5.200,0.200,0.000,59.760,4.620,0.100,-0.050,-100.000,-100.000,0.000,0.000,0.900,5.100,0,1,27.7102,27.5102
17.60,89.942,-1.082,0.429,-0.4587,-0.200,0.1500,58.540,5.200,0.200,0.000,59.770,4.615,0.100,-0.050,-100.000,-100.000,0.000,0.000,0.900,5.100,1,1,27.7549,27.5549
17.70,89.969,-1.095,0.169,-0.4571,-0.200,0.1500,58.560,5.200,0.200,0.000,59.780,4.610,0.100,-0.050,-100.000,-100.000,0.000,0.000,0.900,5.100,1,1,27.7729,27.5729
17.80,89.976,-1.099,0.000,-0.4566,-0.200,0.1500,58.580,5.200,0.200,0.000,59.790,4.605,0.100,-0.050,-100.000,-100.000,0.000,0.000,0.900,5.100,1,1,27.7704,27.5704
17.90,89.976,-1.099,0.000,-0.4566,-0.200,0.1500,58.600,5.200,0.200,0.000,59.800,4.600,0.100,-0.050,-100.000,-100.000,0.000,0.000,0.900,5.100,1,1,27.7597,27.5597
18.00,89.976,-1.099,0.000,-0.4566,-0.200,0.1500,58.620,5.200,0.200,0.000,59.810,4.595,0.100,-0.050,-100.000,-100.000,0.000,0.000,0.900,5.100,1,1,27.7490,27.5490
18.10,89.976,-1.099,0.000,-0.4566,-0.200,0.1500,58.640,5.200,0.200,0.000,59.820,4.590,0.100,-0.050,-100.000,-100.000,0.000,0.000,0.900,5.100,1,1,27.7383,27.5383
18.20,89.976,-1.099,0.000,-0.4566,-0.200,0.1500,58.660,5.200,0.200,0.000,59.830,4.585,0.100,-0.050,-100.000,-100.000,0.000,0.000,0.900,5.100,1,1,27.7276,27.5276
18.30,89.976,-1.099,0.000,-0.4566,-0.200,0.1500,58.680,5.200,0.200,0.000,59.840,4.580,0.100,-0.050,-100.000,-100.000,0.000,0.000,0.900,5.100,1,1,27.7169,27.5169
18.40,89.976,-1.099,0.000,-0.4566,-0.200,0.1500,58.700,5.200,0.200,0.000,59.850,4.575,0.100,-0.050,-100.000,-100.000,0.000,0.000,0.900,5.100,1,1,27.7062,27.5062
18.50,89.976,-1.099,0.000,-0.4566,-0.200,0.1500,58.720,5.200,0.200,0.000,59.860,4.570,0.100,-0.050,-100.000,-100.000,0.000,0.000,0.900,5.100,1,1,27.6955,27.4955
18.60,89.976,-1.099,0.000,-0.4566,-0.200,0.1500,58.740,5.200,0.200,0.000,59.870,4.565,0.100,-0.050,-100.000,-100.000,0.000,0.000,0.900,5.100,1,1,27.6849,27.4849
18.70,89.976,-1.099,0.000,-0.4566,-0.200,0.1500,58.760,5.200,0.200,0.000,59.880,4.560,0.100,-0.050,-100.000,-100.000,0.000,0.000,0.900,5.100,1,1,27.6742,27.4742
18.80,89.976,-1.099,0.000,-0.4566,-0.200,0.1500,58.780,5.200,0.200,0.000,59.890,4.555,0.100,-0.050,-100.000,-100.000,0.000,0.000,0.900,5.100,1,1,27.6635,27.4635
18.90,89.976,-1.099,0.000,-0.4566,-0.200,0.1500,58.800,5.200,0.200,0.000,59.900,4.550,0.100,-0.050,-100.000,-100.000,0.000,0.000,0.900,5.100,1,1,27.6528,27.4528
19.00,89.976,-1.099,0.000,-0.4566,-0.200,0.1500,58.820,5.200,0.200,0.000,59.910,4.545,0.100,-0.050,-100.000,-100.000,0.000,0.000,0.900,5.100,1,1,27.6421,27.4421
19.10,89.976,-1.099,0.000,-0.4566,-0.200,0.1500,58.840,5.200,0.200,0.000,59.920,4.540,0.100,-0.050,-100.000,-100.000,0.000,0.000,0.900,5.100,1,1,27.6314,27.4314
19.20,89.976,-1.099,0.000,-0.4566,-0.200,0.1500,58.860,5.200,0.200,0.000,59.930,4.535,0.100,-0.050,-100.000,-100.000,0.000,0.000,0.900,5.100,1,1,27.6207,27.4207
19.30,89.976,-1.099,0.000,-0.4566,-0.200,0.1500,58.880,5.200,0.200,0.000,59.940,4.530,0.100,-0.050,-100.000,-100.000,0.000,0.000,0.900,5.100,1,1,27.6101,27.4101
19.40,89.976,-1.099,0.000,-0.4566,-0.200,0.1500,58.900,5.200,0.200,0.000,59.950,4.525,0.100,-0.050,-100.000,-100.000,0.000,0.000,0.900,5.100,1,1,27.5994,27.3994
19.50,89.976,-1.099,0.000,-0.4566,-0.200,0.1500,58.920,5.200,0.200,0.000,59.960,4.520,0.100,-0.050,-100.000,-100.000,0.000,0.000,0.900,5.100,1,1,27.5887,27.3887
19.60,89.976,-1.099,0.000,-0.4566,-0.200,0.1500,58.940,5.200,0.200,0.000,59.970,4.515,0.100,-0.050,-100.000,-100.000,0.000,0.000,0.900,5.100,1,1,27.5780,27.3780
19.70,89.976,-1.099,0.000,-0.4566,-0.200,0.1500,58.960,5.200,0.200,0.000,59.980,4.510,0.100,-0.050,-100.000,-100.000,0.000,0.000,0.900,5.100,1,1,27.5673,27.3673
19.80,89.976,-1.099,0.000,-0.4566,-0.200,0.1500,58.980,5.200,0.200,0.000,59.990,4.505,0.100,-0.050,-100.000,-100.000,0.000,0.000,0.900,5.100,1,1,27.5566,27.3566
19.90,89.976,-1.099,0.000,-0.4566,-0.200,0.1500,59.000,5.200,0.200,0.000,60.000,4.500,0.100,-0.050,-100.000,-100.000,0.000,0.000,0.900,5.100,1,1,27.5460,27.3460
20.00,89.976,-1.099,0.000,-0.4566,-0.200,0.1500,59.020,5.200,0.200,0.000,60.010,4.495,0.100,-0.050,-100.000,-100.000,0.000,0.000,0.900,5.100,1,1,27.5353,27.3353
20.10,89.976,-1.099,0.000,-0.4566,-0.200,0.1500,59.040,5.200,0.200,0.000,60.020,4.490,0.100,-0.050,-100.000,-100.000,0.000,0.000,0.900,5.100,1,1,27.5246,27.3246
20.20,89.976,-1.099,0.000,-0.4566,-0.200,0.1500,59.060,5.200,0.200,0.000,60.030,4.485,0.100,-0.050,-100.000,-100.000,0.000,0.000,0.900,5.100,1,1,27.5139,27.3139
20.30,89.976,-1.099,0.000,-0.4566,-0.200,0.1500,59.080,5.200,0.200,0.000,60.040,4.480,0.100,-0.050,-100.000,-100.000,0.000,0.000,0.900,5.100,1,1,27.5032,27.3032
20.40,89.976,-1.099,0.000,-0.4566,-0.200,0.1500,59.100,5.200,0.200,0.000,60.050,4.475,0.100,-0.050,-100.000,-100.000,0.000,0.000,0.900,5.100,1,1,27.4925,27.2925
20.50,89.976,-1.099,0.000,-0.4566,-0.200,0.1500,59.120,5.200,0.200,0.000,60.060,4.470,0.100,-0.050,-100.000,-100.000,0.000,0.000,0.900,5.100,1,1,27.4819,27.2819
20.60,89.976,-1.099,0.000,-0.4566,-0.200,0.1500,59.140,5.200,0.200,0.000,60.070,4.465,0.100,-0.050,-100.000,-100.000,0.000,0.000,0.900,5.100,1,1,27.4712,27.2712
20.70,89.976,-1.099,0.000,-0.4566,-0.200,0.1500,59.160,5.200,0.200,0.000,60.080,4.460,0.100,-0.050,-100.000,-100.000,0.000,0.000,0.900,5.100,1,1,27.4605,27.2605
20.80,89.976,-1.099,0.000,-0.4566,-0.200,0.1500,59.180,5.200,0.200,0.000,60.090,4.455,0.100,-0.050,-100.000,-100.000,0.000,0.000,0.900,5.100,1,1,27.4498,27.2498
20.90,89.976,-1.099,0.000,-0.4566,-0.200,0.1500,59.200,5.200,0.200,0.000,60.100,4.450,0.100,-0.050,-100.000,-100.000,0.000,0.000,0.900,5.100,1,1,27.4391,27.2391
21.00,89.976,-1.099,0.000,-0.4566,-0.200,0.1500,59.220,5.200,0.200,0.000,60.110,4.445,0.100,-0.050,-100.000,-100.000,0.000,0.000,0.900,5.100,1,1,27.4285,27.2285
21.10,89.976,-1.099,0.000,-0.4566,-0.200,0.1500,59.240,5.200,0.200,0.000,60.120,4.440,0.100,-0.050,-100.000,-100.000,0.000,0.000,0.900,5.100,1,1,27.4178,27.2178
21.20,89.976,-1.099,0.000,-0.4566,-0.200,0.1500,59.260,5.200,0.200,0.000,60.130,4.435,0.100,-0.050,-100.000,-100.000,0.000,0.000,0.900,5.100,1,1,27.4071,27.2071
21.30,89.976,-1.099,0.000,-0.4566,-0.200,0.1500,59.280,5.200,0.200,0.000,60.140,4.430,0.100,-0.050,-100.000,-100.000,0.000,0.000,0.900,5.100,1,1,27.3964,27.1964
21.40,89.976,-1.099,0.000,-0.4566,-0.200,0.1500,59.300,5.200,0.200,0.000,60.150,4.425,0.100,-0.050,-100.000,-100.000,0.000,0.000,0.900,5.100,1,1,27.3858,27.1858
21.50,89.976,-1.099,0.000,-0.4566,-0.200,0.1500,59.320,5.200,0.200,0.000,60.160,4.420,0.100,-0.050,-100.000,-100.000,0.000,0.000,0.900,5.100,1,1,27.3751,27.1751
21.60,89.976,-1.099,0.000,-0.4566,-0.200,0.1500,59.340,5.200,0.200,0.000,60.170,4.415,0.100,-0.050,-100.000,-100.000,0.000,0.000,0.900,5.100,1,1,27.3644,27.1644
21.70,89.976,-1.099,0.000,-0.4566,-0.200,0.1500,59.360,5.200,0.200,0.000,60.180,4.410,0.100,-0.050,-100.000,-100.000,0.000,0.000,0.900,5.100,1,1,27.3537,27.1537
21.80,89.976,-1.099,0.000,-0.4566,-0.200,0.1500,59.380,5.200,0.200,0.000,60.190,4.405,0.100,-0.050,-100.000,-100.000,0.000,0.000,0.900,5.100,1,1,27.3431,27.1431
21.90,89.976,-1.099,0.000,-0.4566,-0.200,0.1500,59.400,5.200,0.200,0.000,60.200,4.400,0.100,-0.050,-100.000,-100.000,0.000,0.000,0.900,5.100,1,1,27.3324,27.1324
